sku_id,sku_name,category,primary_supplier_id,secondary_supplier_id,is_single_source,unit_cost_inr,avg_daily_demand_units,lead_time_days,reorder_point_units,safety_stock_days,abc_classification,min_order_quantity
SKU-00001,Packaging Component 1,Packaging,SUP-0078,SUP-0138,0,70.6,34.9,32,1500,11,C,100
SKU-00002,Raw Materials Component 2,Raw Materials,SUP-0056,SUP-0079,0,793.4,98.8,28,4248,15,B,25
SKU-00003,Mechanical Components Component 3,Mechanical Components,SUP-0081,NONE,1,4820.37,17.0,24,595,11,B,250
SKU-00004,Raw Materials Component 4,Raw Materials,SUP-0164,SUP-0041,0,387.26,40.1,47,2205,8,A,500
SKU-00005,Electronics Component 5,Electronics,SUP-0146,SUP-0120,0,44699.99,20.4,19,571,9,C,500
SKU-00006,Chemicals Component 6,Chemicals,SUP-0095,SUP-0112,0,699.5,50.9,9,967,10,B,500
SKU-00007,Packaging Component 7,Packaging,SUP-0009,SUP-0163,0,90.85,120.3,27,4571,11,A,100
SKU-00008,Safety Equipment Component 8,Safety Equipment,SUP-0046,NONE,1,2228.02,29.4,9,558,10,C,250
SKU-00009,Electronics Component 9,Electronics,SUP-0171,NONE,1,790.86,60.1,48,3666,13,C,25
SKU-00010,Consumables Component 10,Consumables,SUP-0035,SUP-0031,0,402.72,5.6,27,218,12,B,500
SKU-00011,Raw Materials Component 11,Raw Materials,SUP-0163,SUP-0050,0,965.26,16.6,9,365,13,C,10
SKU-00012,Consumables Component 12,Consumables,SUP-0193,SUP-0013,0,68.8,6.4,12,166,14,C,500
SKU-00013,Automotive Parts Component 13,Automotive Parts,SUP-0087,SUP-0078,0,9555.06,48.1,23,1635,11,B,250
SKU-00014,Mechanical Components Component 14,Mechanical Components,SUP-0168,SUP-0036,0,1879.25,32.1,11,674,10,C,10
SKU-00015,Electrical Component 15,Electrical,SUP-0145,SUP-0180,0,8752.87,13.4,6,174,7,B,10
SKU-00016,Mechanical Components Component 16,Mechanical Components,SUP-0138,SUP-0053,0,4270.76,76.4,4,993,9,C,50
SKU-00017,Packaging Component 17,Packaging,SUP-0122,SUP-0130,0,72.03,18.1,21,488,6,A,10
SKU-00018,Consumables Component 18,Consumables,SUP-0106,SUP-0120,0,61.16,27.1,16,650,8,C,250
SKU-00019,Packaging Component 19,Packaging,SUP-0157,NONE,1,71.1,4.2,14,92,8,C,50
SKU-00020,Electrical Component 20,Electrical,SUP-0163,SUP-0030,0,8172.3,52.1,9,781,6,C,500
SKU-00021,Electrical Component 21,Electrical,SUP-0102,SUP-0200,0,8559.61,42.8,9,813,10,B,10
SKU-00022,Electrical Component 22,Electrical,SUP-0083,NONE,1,4026.38,31.7,16,887,12,B,100
SKU-00023,Mechanical Components Component 23,Mechanical Components,SUP-0116,SUP-0033,0,2659.93,34.3,20,1131,13,A,250
SKU-00024,Raw Materials Component 24,Raw Materials,SUP-0031,NONE,1,35.7,1.9,17,57,13,B,50
SKU-00025,Consumables Component 25,Consumables,SUP-0090,SUP-0045,0,105.4,21.8,9,523,15,C,250
SKU-00026,Electronics Component 26,Electronics,SUP-0030,SUP-0161,0,42179.95,326.1,9,6848,12,C,25
SKU-00027,Electronics Component 27,Electronics,SUP-0166,SUP-0150,0,38761.23,74.4,12,1860,13,B,250
SKU-00028,Mechanical Components Component 28,Mechanical Components,SUP-0087,SUP-0027,0,1652.79,19.8,20,534,7,A,25
SKU-00029,Electrical Component 29,Electrical,SUP-0152,SUP-0005,0,5291.69,93.6,26,3276,9,A,25
SKU-00030,Safety Equipment Component 30,Safety Equipment,SUP-0165,NONE,1,2517.91,16.1,7,241,8,C,250
SKU-00031,Electronics Component 31,Electronics,SUP-0003,SUP-0067,0,18297.61,98.4,33,4132,9,B,100
SKU-00032,Electrical Component 32,Electrical,SUP-0021,SUP-0187,0,707.98,77.1,10,1310,7,C,10
SKU-00033,Electronics Component 33,Electronics,SUP-0080,SUP-0176,0,24483.43,56.8,21,1533,6,B,50
SKU-00034,Chemicals Component 34,Chemicals,SUP-0188,NONE,1,880.29,17.5,11,350,9,C,500
SKU-00035,Consumables Component 35,Consumables,SUP-0196,NONE,1,301.48,105.8,19,3068,10,A,250
SKU-00036,Electronics Component 36,Electronics,SUP-0170,SUP-0075,0,6244.16,30.2,15,634,6,B,10
SKU-00037,Mechanical Components Component 37,Mechanical Components,SUP-0082,SUP-0035,0,3453.38,9.6,10,144,5,C,100
SKU-00038,Mechanical Components Component 38,Mechanical Components,SUP-0002,SUP-0117,0,3818.46,18.4,11,441,13,A,100
SKU-00039,Chemicals Component 39,Chemicals,SUP-0133,NONE,1,1931.75,30.2,12,815,15,B,25
SKU-00040,Chemicals Component 40,Chemicals,SUP-0019,SUP-0186,0,861.78,34.2,9,581,8,C,50
SKU-00041,Mechanical Components Component 41,Mechanical Components,SUP-0145,NONE,1,1414.64,178.0,6,2314,7,C,10
SKU-00042,Electronics Component 42,Electronics,SUP-0055,SUP-0154,0,43377.67,11.9,24,380,8,C,50
SKU-00043,Chemicals Component 43,Chemicals,SUP-0011,SUP-0087,0,1135.23,9.5,24,332,11,B,250
SKU-00044,Chemicals Component 44,Chemicals,SUP-0168,SUP-0035,0,1407.41,70.4,12,1267,6,C,500
SKU-00045,Raw Materials Component 45,Raw Materials,SUP-0137,SUP-0183,0,771.68,11.0,34,506,12,A,50
SKU-00046,Packaging Component 46,Packaging,SUP-0133,NONE,1,32.32,5.6,12,123,10,B,100
SKU-00047,Raw Materials Component 47,Raw Materials,SUP-0091,NONE,1,425.98,1.5,10,36,14,C,100
SKU-00048,Automotive Parts Component 48,Automotive Parts,SUP-0170,SUP-0162,0,1196.26,115.8,11,2547,11,C,100
SKU-00049,Electrical Component 49,Electrical,SUP-0167,NONE,1,2904.33,3.4,20,112,13,B,500
SKU-00050,Packaging Component 50,Packaging,SUP-0086,NONE,1,56.45,5.4,24,178,9,C,10
SKU-00051,Electrical Component 51,Electrical,SUP-0141,SUP-0065,0,2879.65,34.4,12,894,14,B,500
SKU-00052,Automotive Parts Component 52,Automotive Parts,SUP-0050,NONE,1,7027.23,10.2,43,550,11,B,50
SKU-00053,Electronics Component 53,Electronics,SUP-0159,NONE,1,33800.06,21.7,10,325,5,C,25
SKU-00054,Raw Materials Component 54,Raw Materials,SUP-0190,SUP-0031,0,335.33,9.0,12,234,14,B,500
SKU-00055,Safety Equipment Component 55,Safety Equipment,SUP-0032,NONE,1,4330.98,56.8,10,1249,12,B,500
SKU-00056,Chemicals Component 56,Chemicals,SUP-0119,SUP-0182,0,1358.83,24.7,13,592,11,B,10
SKU-00057,Electronics Component 57,Electronics,SUP-0048,NONE,1,39404.73,95.9,30,3644,8,C,25
SKU-00058,Electrical Component 58,Electrical,SUP-0151,SUP-0014,0,8710.8,59.2,22,2131,14,A,100
SKU-00059,Packaging Component 59,Packaging,SUP-0190,NONE,1,54.82,5.2,11,130,14,B,25
SKU-00060,Raw Materials Component 60,Raw Materials,SUP-0134,SUP-0080,0,673.88,6.3,28,252,12,C,25
SKU-00061,Electrical Component 61,Electrical,SUP-0165,SUP-0026,0,4737.43,68.0,7,1292,12,C,25
SKU-00062,Chemicals Component 62,Chemicals,SUP-0037,SUP-0180,0,1763.24,232.8,27,9079,12,C,25
SKU-00063,Electrical Component 63,Electrical,SUP-0055,SUP-0082,0,5654.05,23.7,24,782,9,C,25
SKU-00064,Mechanical Components Component 64,Mechanical Components,SUP-0047,NONE,1,1841.26,1151.3,5,12664,6,C,100
SKU-00065,Mechanical Components Component 65,Mechanical Components,SUP-0192,SUP-0132,0,4630.23,10.9,33,479,11,C,50
SKU-00066,Mechanical Components Component 66,Mechanical Components,SUP-0111,SUP-0047,0,778.89,48.2,13,1156,11,C,100
SKU-00067,Electrical Component 67,Electrical,SUP-0102,SUP-0125,0,3382.61,33.5,9,670,11,A,500
SKU-00068,Consumables Component 68,Consumables,SUP-0031,SUP-0073,0,32.43,200.1,14,5802,15,C,100
SKU-00069,Automotive Parts Component 69,Automotive Parts,SUP-0196,SUP-0194,0,19569.66,8.0,14,184,9,B,50
SKU-00070,Electrical Component 70,Electrical,SUP-0049,NONE,1,2112.63,43.4,10,737,7,A,10
SKU-00071,Mechanical Components Component 71,Mechanical Components,SUP-0043,SUP-0050,0,4908.33,19.2,22,595,9,A,250
SKU-00072,Consumables Component 72,Consumables,SUP-0151,SUP-0164,0,99.58,14.7,20,382,6,B,250
SKU-00073,Consumables Component 73,Consumables,SUP-0166,SUP-0016,0,87.58,105.8,12,2433,11,C,25
SKU-00074,Electronics Component 74,Electronics,SUP-0112,SUP-0010,0,38449.26,57.6,6,806,8,C,500
SKU-00075,Mechanical Components Component 75,Mechanical Components,SUP-0183,NONE,1,4762.63,40.9,7,613,8,C,25
SKU-00076,Raw Materials Component 76,Raw Materials,SUP-0034,NONE,1,46.07,18.9,13,434,10,C,10
SKU-00077,Packaging Component 77,Packaging,SUP-0164,SUP-0080,0,73.94,3.9,40,191,9,A,100
SKU-00078,Mechanical Components Component 78,Mechanical Components,SUP-0037,NONE,1,3074.8,32.2,29,1159,7,C,50
SKU-00079,Packaging Component 79,Packaging,SUP-0030,SUP-0026,0,4.66,72.6,8,1524,13,A,500
SKU-00080,Raw Materials Component 80,Raw Materials,SUP-0108,NONE,1,966.89,10.6,5,148,9,C,25
SKU-00081,Raw Materials Component 81,Raw Materials,SUP-0193,SUP-0127,0,422.97,13.4,13,254,6,C,500
SKU-00082,Automotive Parts Component 82,Automotive Parts,SUP-0152,SUP-0111,0,9983.84,35.1,28,1333,10,B,500
SKU-00083,Consumables Component 83,Consumables,SUP-0122,NONE,1,107.2,24.2,26,798,7,B,250
SKU-00084,Packaging Component 84,Packaging,SUP-0129,NONE,1,75.57,100.9,28,4036,12,C,500
SKU-00085,Electrical Component 85,Electrical,SUP-0033,SUP-0080,0,5216.83,69.0,23,2070,7,C,500
SKU-00086,Electronics Component 86,Electronics,SUP-0076,SUP-0041,0,25092.24,13.9,11,347,14,C,100
SKU-00087,Mechanical Components Component 87,Mechanical Components,SUP-0096,NONE,1,2130.06,34.1,10,716,11,B,500
SKU-00088,Electronics Component 88,Electronics,SUP-0069,SUP-0015,0,1382.19,34.4,4,584,13,C,100
SKU-00089,Electronics Component 89,Electronics,SUP-0174,SUP-0153,0,31710.87,26.2,27,1021,12,B,10
SKU-00090,Packaging Component 90,Packaging,SUP-0136,SUP-0148,0,1.1,213.7,8,4060,11,C,10
SKU-00091,Mechanical Components Component 91,Mechanical Components,SUP-0024,SUP-0092,0,124.69,18.9,29,718,9,C,50
SKU-00092,Raw Materials Component 92,Raw Materials,SUP-0079,SUP-0063,0,383.37,108.1,29,3783,6,C,10
SKU-00093,Raw Materials Component 93,Raw Materials,SUP-0113,SUP-0074,0,867.88,33.5,39,1641,10,B,10
SKU-00094,Electrical Component 94,Electrical,SUP-0144,SUP-0176,0,8145.88,35.4,22,1026,7,C,50
SKU-00095,Mechanical Components Component 95,Mechanical Components,SUP-0060,SUP-0041,0,879.1,51.7,14,1395,13,B,25
SKU-00096,Packaging Component 96,Packaging,SUP-0114,SUP-0064,0,47.07,9.8,9,205,12,A,250
SKU-00097,Automotive Parts Component 97,Automotive Parts,SUP-0172,SUP-0052,0,6147.93,55.1,6,1046,13,C,500
SKU-00098,Electrical Component 98,Electrical,SUP-0174,NONE,1,5400.85,37.1,29,1335,7,C,100
SKU-00099,Electrical Component 99,Electrical,SUP-0042,SUP-0072,0,4746.09,142.3,14,2846,6,A,10
SKU-00100,Electronics Component 100,Electronics,SUP-0011,SUP-0070,0,37009.79,19.3,22,636,11,B,100
SKU-00101,Packaging Component 101,Packaging,SUP-0066,SUP-0011,0,61.5,10.6,27,381,9,C,50
SKU-00102,Packaging Component 102,Packaging,SUP-0165,NONE,1,33.02,19.5,8,409,13,C,500
SKU-00103,Chemicals Component 103,Chemicals,SUP-0055,SUP-0077,0,811.6,32.8,22,1115,12,B,50
SKU-00104,Raw Materials Component 104,Raw Materials,SUP-0107,NONE,1,576.34,6.1,14,128,7,C,25
SKU-00105,Electrical Component 105,Electrical,SUP-0036,NONE,1,7693.55,13.4,9,281,12,A,10
SKU-00106,Mechanical Components Component 106,Mechanical Components,SUP-0009,SUP-0079,0,4664.28,19.5,20,585,10,C,25
SKU-00107,Packaging Component 107,Packaging,SUP-0026,SUP-0069,0,88.74,23.6,35,991,7,C,50
SKU-00108,Packaging Component 108,Packaging,SUP-0078,SUP-0162,0,77.48,37.1,32,1595,11,A,500
SKU-00109,Chemicals Component 109,Chemicals,SUP-0083,SUP-0091,0,878.53,16.9,17,388,6,C,50
SKU-00110,Packaging Component 110,Packaging,SUP-0115,SUP-0029,0,36.77,15.6,13,405,13,C,250
SKU-00111,Electronics Component 111,Electronics,SUP-0198,NONE,1,49960.13,104.1,11,1769,6,A,50
SKU-00112,Electrical Component 112,Electrical,SUP-0167,NONE,1,3853.11,367.2,26,12117,7,C,100
SKU-00113,Consumables Component 113,Consumables,SUP-0127,SUP-0133,0,397.76,18.6,4,186,6,B,10
SKU-00114,Mechanical Components Component 114,Mechanical Components,SUP-0136,SUP-0041,0,2346.95,41.3,8,536,5,B,250
SKU-00115,Electrical Component 115,Electrical,SUP-0124,NONE,1,6688.41,380.2,10,6463,7,C,500
SKU-00116,Electrical Component 116,Electrical,SUP-0094,SUP-0109,0,6989.5,51.2,19,1740,15,C,25
SKU-00117,Electronics Component 117,Electronics,SUP-0023,SUP-0033,0,38080.0,7.4,18,185,7,B,50
SKU-00118,Electronics Component 118,Electronics,SUP-0109,NONE,1,12723.34,59.0,31,2478,11,C,50
SKU-00119,Raw Materials Component 119,Raw Materials,SUP-0174,SUP-0086,0,735.35,13.6,32,639,15,C,50
SKU-00120,Raw Materials Component 120,Raw Materials,SUP-0133,SUP-0151,0,105.21,37.0,12,962,14,A,50
SKU-00121,Electronics Component 121,Electronics,SUP-0146,SUP-0030,0,16770.97,24.9,18,747,12,B,10
SKU-00122,Automotive Parts Component 122,Automotive Parts,SUP-0173,SUP-0075,0,8040.41,2.4,29,100,13,C,25
SKU-00123,Packaging Component 123,Packaging,SUP-0106,SUP-0144,0,68.23,29.8,21,834,7,A,100
SKU-00124,Packaging Component 124,Packaging,SUP-0149,SUP-0093,0,32.1,41.3,14,1156,14,A,250
SKU-00125,Safety Equipment Component 125,Safety Equipment,SUP-0048,SUP-0093,0,1770.92,34.2,26,1197,9,C,250
SKU-00126,Mechanical Components Component 126,Mechanical Components,SUP-0117,NONE,1,1894.87,14.7,17,441,13,C,500
SKU-00127,Packaging Component 127,Packaging,SUP-0058,SUP-0090,0,93.56,26.2,36,1100,6,C,100
SKU-00128,Packaging Component 128,Packaging,SUP-0174,NONE,1,82.76,22.9,35,1030,10,C,25
SKU-00129,Chemicals Component 129,Chemicals,SUP-0003,SUP-0132,0,1711.63,430.6,29,15501,7,C,250
SKU-00130,Raw Materials Component 130,Raw Materials,SUP-0102,SUP-0025,0,42.31,22.7,10,454,10,C,250
SKU-00131,Automotive Parts Component 131,Automotive Parts,SUP-0107,NONE,1,4099.13,56.3,11,957,6,B,10
SKU-00132,Chemicals Component 132,Chemicals,SUP-0150,SUP-0037,0,262.18,52.2,17,1513,12,C,100
SKU-00133,Mechanical Components Component 133,Mechanical Components,SUP-0176,SUP-0013,0,4608.49,143.3,13,3152,9,B,250
SKU-00134,Electronics Component 134,Electronics,SUP-0101,SUP-0181,0,45096.9,31.0,13,589,6,C,250
SKU-00135,Electronics Component 135,Electronics,SUP-0084,NONE,1,40283.54,31.3,15,813,11,B,25
SKU-00136,Safety Equipment Component 136,Safety Equipment,SUP-0157,SUP-0200,0,3662.49,21.2,17,678,15,C,50
SKU-00137,Electrical Component 137,Electrical,SUP-0097,SUP-0167,0,1465.23,53.7,46,2953,9,C,250
SKU-00138,Mechanical Components Component 138,Mechanical Components,SUP-0112,SUP-0156,0,3447.98,92.6,5,1574,12,A,250
SKU-00139,Mechanical Components Component 139,Mechanical Components,SUP-0173,SUP-0113,0,4979.33,10.4,32,447,11,B,25
SKU-00140,Electrical Component 140,Electrical,SUP-0127,SUP-0132,0,2768.8,37.2,3,632,14,C,25
SKU-00141,Chemicals Component 141,Chemicals,SUP-0054,SUP-0012,0,1079.61,45.2,18,1130,7,C,100
SKU-00142,Raw Materials Component 142,Raw Materials,SUP-0141,NONE,1,296.25,25.3,12,657,14,C,250
SKU-00143,Raw Materials Component 143,Raw Materials,SUP-0065,NONE,1,830.41,21.4,14,470,8,C,250
SKU-00144,Mechanical Components Component 144,Mechanical Components,SUP-0061,SUP-0134,0,2861.28,9.0,36,378,6,A,250
SKU-00145,Electronics Component 145,Electronics,SUP-0003,SUP-0014,0,24186.08,10.3,28,360,7,C,10
SKU-00146,Packaging Component 146,Packaging,SUP-0118,NONE,1,6.04,11.0,9,198,9,C,25
SKU-00147,Electronics Component 147,Electronics,SUP-0191,SUP-0169,0,47456.59,14.2,11,284,9,A,100
SKU-00148,Automotive Parts Component 148,Automotive Parts,SUP-0148,SUP-0011,0,11398.74,73.8,14,1623,8,B,25
SKU-00149,Consumables Component 149,Consumables,SUP-0029,SUP-0059,0,131.99,151.7,17,4247,11,B,25
SKU-00150,Chemicals Component 150,Chemicals,SUP-0018,SUP-0138,0,949.19,20.5,33,922,12,A,50
SKU-00151,Consumables Component 151,Consumables,SUP-0067,SUP-0085,0,337.72,339.1,25,12546,12,B,100
SKU-00152,Electronics Component 152,Electronics,SUP-0121,NONE,1,45313.74,19.1,7,382,13,B,25
SKU-00153,Packaging Component 153,Packaging,SUP-0122,NONE,1,14.75,129.2,22,4392,12,B,25
SKU-00154,Safety Equipment Component 154,Safety Equipment,SUP-0012,SUP-0090,0,2915.21,64.2,13,1412,9,B,25
SKU-00155,Automotive Parts Component 155,Automotive Parts,SUP-0120,SUP-0185,0,8570.8,107.3,10,2146,10,C,50
SKU-00156,Electronics Component 156,Electronics,SUP-0173,SUP-0035,0,37954.5,100.4,34,4417,10,A,250
SKU-00157,Mechanical Components Component 157,Mechanical Components,SUP-0104,SUP-0064,0,4100.26,68.3,7,1434,14,C,250
SKU-00158,Automotive Parts Component 158,Automotive Parts,SUP-0035,SUP-0104,0,13773.45,16.9,26,591,9,C,250
SKU-00159,Mechanical Components Component 159,Mechanical Components,SUP-0067,SUP-0050,0,735.31,7.6,29,326,14,C,500
SKU-00160,Safety Equipment Component 160,Safety Equipment,SUP-0106,SUP-0140,0,1798.68,11.3,15,259,8,B,25
SKU-00161,Packaging Component 161,Packaging,SUP-0117,SUP-0024,0,72.29,93.1,19,2606,9,B,25
SKU-00162,Safety Equipment Component 162,Safety Equipment,SUP-0102,NONE,1,4450.74,6.1,8,91,7,B,250
SKU-00163,Chemicals Component 163,Chemicals,SUP-0189,SUP-0137,0,235.02,89.5,6,984,5,C,500
SKU-00164,Automotive Parts Component 164,Automotive Parts,SUP-0050,SUP-0096,0,14952.44,155.2,39,7139,7,A,50
SKU-00165,Mechanical Components Component 165,Mechanical Components,SUP-0149,NONE,1,1036.45,176.2,17,4052,6,A,100
SKU-00166,Automotive Parts Component 166,Automotive Parts,SUP-0127,SUP-0108,0,5675.44,26.9,4,484,14,C,500
SKU-00167,Packaging Component 167,Packaging,SUP-0068,SUP-0148,0,91.66,33.2,13,597,5,B,100
SKU-00168,Automotive Parts Component 168,Automotive Parts,SUP-0134,SUP-0061,0,5572.29,178.2,35,8731,14,C,250
SKU-00169,Raw Materials Component 169,Raw Materials,SUP-0195,SUP-0142,0,453.61,4.7,16,122,10,B,500
SKU-00170,Raw Materials Component 170,Raw Materials,SUP-0130,NONE,1,831.76,81.8,24,2372,5,C,10
SKU-00171,Packaging Component 171,Packaging,SUP-0062,NONE,1,34.07,117.8,16,3062,10,C,10
SKU-00172,Mechanical Components Component 172,Mechanical Components,SUP-0098,SUP-0068,0,2802.09,12.7,38,596,9,B,250
SKU-00173,Mechanical Components Component 173,Mechanical Components,SUP-0103,SUP-0051,0,3037.14,71.9,19,2228,12,C,250
SKU-00174,Mechanical Components Component 174,Mechanical Components,SUP-0109,NONE,1,3534.6,26.8,31,1018,7,B,25
SKU-00175,Electrical Component 175,Electrical,SUP-0121,NONE,1,324.94,15.7,6,251,10,B,25
SKU-00176,Electrical Component 176,Electrical,SUP-0175,SUP-0138,0,4606.1,17.9,20,519,9,C,50
SKU-00177,Packaging Component 177,Packaging,SUP-0169,SUP-0011,0,37.57,31.7,36,1553,13,B,50
SKU-00178,Electronics Component 178,Electronics,SUP-0104,SUP-0176,0,7302.23,22.1,8,419,11,C,100
SKU-00179,Chemicals Component 179,Chemicals,SUP-0048,SUP-0011,0,1636.48,313.6,21,10976,14,B,25
SKU-00180,Raw Materials Component 180,Raw Materials,SUP-0180,SUP-0193,0,55.98,16.1,28,611,10,C,25
SKU-00181,Raw Materials Component 181,Raw Materials,SUP-0116,NONE,1,541.4,22.5,19,697,12,C,500
SKU-00182,Electrical Component 182,Electrical,SUP-0043,SUP-0160,0,4811.76,146.0,22,4818,11,A,25
SKU-00183,Mechanical Components Component 183,Mechanical Components,SUP-0098,NONE,1,2820.63,16.7,28,601,8,C,250
SKU-00184,Electronics Component 184,Electronics,SUP-0108,NONE,1,5557.0,29.1,4,494,13,B,100
SKU-00185,Raw Materials Component 185,Raw Materials,SUP-0001,SUP-0047,0,269.87,8.1,38,380,9,C,25
SKU-00186,Mechanical Components Component 186,Mechanical Components,SUP-0009,NONE,1,4162.9,19.0,25,589,6,B,500
SKU-00187,Consumables Component 187,Consumables,SUP-0140,SUP-0030,0,207.07,11.1,25,344,6,B,50
SKU-00188,Automotive Parts Component 188,Automotive Parts,SUP-0016,SUP-0083,0,1130.56,138.2,24,4560,9,C,50
SKU-00189,Electronics Component 189,Electronics,SUP-0081,NONE,1,46179.73,141.2,22,4518,10,C,25
SKU-00190,Chemicals Component 190,Chemicals,SUP-0012,NONE,1,1612.11,35.2,13,950,14,B,250
SKU-00191,Electronics Component 191,Electronics,SUP-0046,SUP-0150,0,2945.14,9.7,8,174,10,B,25
SKU-00192,Automotive Parts Component 192,Automotive Parts,SUP-0079,NONE,1,6188.76,35.4,19,1132,13,A,25
SKU-00193,Packaging Component 193,Packaging,SUP-0179,NONE,1,65.79,227.9,7,3190,7,A,500
SKU-00194,Raw Materials Component 194,Raw Materials,SUP-0131,SUP-0052,0,880.92,48.1,5,721,10,B,50
SKU-00195,Raw Materials Component 195,Raw Materials,SUP-0138,SUP-0078,0,707.74,213.1,4,2131,6,B,10
SKU-00196,Raw Materials Component 196,Raw Materials,SUP-0086,SUP-0121,0,241.31,43.8,21,1489,13,C,50
SKU-00197,Packaging Component 197,Packaging,SUP-0074,NONE,1,44.99,39.6,23,1148,6,A,10
SKU-00198,Consumables Component 198,Consumables,SUP-0154,SUP-0071,0,41.69,158.0,8,2212,6,C,50
SKU-00199,Mechanical Components Component 199,Mechanical Components,SUP-0135,NONE,1,2770.29,10.1,21,272,6,A,10
SKU-00200,Chemicals Component 200,Chemicals,SUP-0027,SUP-0144,0,532.14,13.7,19,424,12,C,10
SKU-00201,Safety Equipment Component 201,Safety Equipment,SUP-0075,SUP-0097,0,3632.91,257.3,28,8748,6,C,100
SKU-00202,Raw Materials Component 202,Raw Materials,SUP-0156,SUP-0173,0,910.22,214.5,22,6435,8,C,25
SKU-00203,Consumables Component 203,Consumables,SUP-0162,SUP-0088,0,71.63,59.1,14,1122,5,C,100
SKU-00204,Electrical Component 204,Electrical,SUP-0152,NONE,1,6843.58,19.6,31,764,8,C,500
SKU-00205,Chemicals Component 205,Chemicals,SUP-0077,SUP-0034,0,733.07,8.8,20,264,10,C,25
SKU-00206,Raw Materials Component 206,Raw Materials,SUP-0111,NONE,1,597.2,56.9,18,1365,6,C,500
SKU-00207,Electronics Component 207,Electronics,SUP-0047,SUP-0112,0,15959.25,100.9,3,1210,9,B,50
SKU-00208,Electronics Component 208,Electronics,SUP-0079,SUP-0062,0,41875.65,51.9,25,1712,8,B,50
SKU-00209,Electronics Component 209,Electronics,SUP-0128,SUP-0175,0,32242.39,5.0,6,80,10,C,50
SKU-00210,Automotive Parts Component 210,Automotive Parts,SUP-0175,SUP-0087,0,16053.86,20.0,16,440,6,C,250
SKU-00211,Mechanical Components Component 211,Mechanical Components,SUP-0119,SUP-0160,0,2780.85,1.3,14,27,7,C,500
SKU-00212,Raw Materials Component 212,Raw Materials,SUP-0020,SUP-0091,0,303.5,36.8,33,1729,14,C,250
SKU-00213,Safety Equipment Component 213,Safety Equipment,SUP-0019,SUP-0122,0,3346.82,8.8,10,140,6,C,500
SKU-00214,Packaging Component 214,Packaging,SUP-0090,SUP-0043,0,22.71,8.8,9,158,9,C,250
SKU-00215,Raw Materials Component 215,Raw Materials,SUP-0196,SUP-0034,0,277.83,148.3,13,3262,9,B,10
SKU-00216,Electrical Component 216,Electrical,SUP-0092,NONE,1,2206.33,1032.9,22,37184,14,A,10
SKU-00217,Electronics Component 217,Electronics,SUP-0195,NONE,1,35598.33,211.2,15,5702,12,C,50
SKU-00218,Electrical Component 218,Electrical,SUP-0152,SUP-0017,0,7921.11,409.3,22,13097,10,B,10
SKU-00219,Electrical Component 219,Electrical,SUP-0059,SUP-0166,0,6963.76,25.4,14,685,13,C,250
SKU-00220,Raw Materials Component 220,Raw Materials,SUP-0108,SUP-0156,0,383.11,2.3,6,43,13,C,500
SKU-00221,Automotive Parts Component 221,Automotive Parts,SUP-0054,SUP-0144,0,4922.07,19.4,22,543,6,B,250
SKU-00222,Electronics Component 222,Electronics,SUP-0019,SUP-0181,0,44132.79,66.2,9,1257,10,C,250
SKU-00223,Electrical Component 223,Electrical,SUP-0037,SUP-0131,0,4380.68,160.2,25,5446,9,C,25
SKU-00224,Electrical Component 224,Electrical,SUP-0031,SUP-0013,0,7604.67,57.4,14,1262,8,C,50
SKU-00225,Packaging Component 225,Packaging,SUP-0030,SUP-0153,0,94.57,227.3,6,4546,14,C,500
SKU-00226,Mechanical Components Component 226,Mechanical Components,SUP-0082,SUP-0003,0,2807.54,35.2,12,668,7,B,10
SKU-00227,Mechanical Components Component 227,Mechanical Components,SUP-0031,NONE,1,3766.6,45.5,14,1137,11,B,25
SKU-00228,Chemicals Component 228,Chemicals,SUP-0001,SUP-0143,0,1087.07,37.6,38,1692,7,A,100
SKU-00229,Raw Materials Component 229,Raw Materials,SUP-0044,SUP-0028,0,345.58,44.6,25,1338,5,A,10
SKU-00230,Raw Materials Component 230,Raw Materials,SUP-0150,SUP-0054,0,361.57,26.8,22,911,12,C,50
SKU-00231,Chemicals Component 231,Chemicals,SUP-0098,SUP-0114,0,1362.2,13.5,35,621,11,C,250
SKU-00232,Mechanical Components Component 232,Mechanical Components,SUP-0047,SUP-0111,0,2594.67,11.4,4,159,10,B,10
SKU-00233,Consumables Component 233,Consumables,SUP-0055,SUP-0013,0,134.05,195.8,17,5482,11,C,500
SKU-00234,Consumables Component 234,Consumables,SUP-0124,SUP-0063,0,476.86,3.9,10,97,15,A,500
SKU-00235,Consumables Component 235,Consumables,SUP-0134,NONE,1,448.06,15.4,37,754,12,A,50
SKU-00236,Consumables Component 236,Consumables,SUP-0125,NONE,1,9.42,12.8,14,243,5,A,50
SKU-00237,Mechanical Components Component 237,Mechanical Components,SUP-0090,NONE,1,2361.6,92.7,8,1205,5,C,10
SKU-00238,Packaging Component 238,Packaging,SUP-0087,SUP-0007,0,68.46,7.1,16,220,15,B,50
SKU-00239,Chemicals Component 239,Chemicals,SUP-0055,SUP-0093,0,466.31,39.9,23,1476,14,C,50
SKU-00240,Raw Materials Component 240,Raw Materials,SUP-0095,SUP-0002,0,327.68,73.3,8,1172,8,A,10
SKU-00241,Electronics Component 241,Electronics,SUP-0055,SUP-0004,0,30665.02,20.1,20,542,7,B,500
SKU-00242,Mechanical Components Component 242,Mechanical Components,SUP-0112,SUP-0166,0,531.87,147.6,5,2066,9,B,250
SKU-00243,Mechanical Components Component 243,Mechanical Components,SUP-0027,SUP-0087,0,3811.21,94.9,22,2657,6,C,25
SKU-00244,Packaging Component 244,Packaging,SUP-0034,SUP-0155,0,21.17,408.5,13,8578,8,B,25
SKU-00245,Chemicals Component 245,Chemicals,SUP-0189,SUP-0081,0,1839.8,23.2,5,440,14,B,50
SKU-00246,Electrical Component 246,Electrical,SUP-0094,SUP-0141,0,7353.54,43.5,18,1131,8,C,25
SKU-00247,Automotive Parts Component 247,Automotive Parts,SUP-0113,SUP-0154,0,12279.84,645.0,34,29670,12,B,10
SKU-00248,Mechanical Components Component 248,Mechanical Components,SUP-0071,NONE,1,4052.09,52.1,8,1094,13,C,250
SKU-00249,Chemicals Component 249,Chemicals,SUP-0096,SUP-0032,0,346.48,25.8,9,567,13,A,100
SKU-00250,Electrical Component 250,Electrical,SUP-0066,SUP-0039,0,2740.14,13.9,32,639,14,C,50
SKU-00251,Safety Equipment Component 251,Safety Equipment,SUP-0153,SUP-0102,0,2854.17,3.9,8,74,11,A,250
SKU-00252,Electronics Component 252,Electronics,SUP-0070,SUP-0108,0,45928.47,23.0,40,1242,14,A,25
SKU-00253,Safety Equipment Component 253,Safety Equipment,SUP-0058,SUP-0133,0,4272.15,3.2,42,163,9,C,25
SKU-00254,Safety Equipment Component 254,Safety Equipment,SUP-0015,SUP-0026,0,2798.06,87.0,30,3132,6,C,500
SKU-00255,Packaging Component 255,Packaging,SUP-0045,SUP-0139,0,18.95,13.0,21,390,9,C,500
SKU-00256,Electronics Component 256,Electronics,SUP-0181,SUP-0115,0,37355.77,6.6,5,132,15,A,100
SKU-00257,Raw Materials Component 257,Raw Materials,SUP-0103,SUP-0170,0,88.39,87.7,19,2543,10,B,10
SKU-00258,Chemicals Component 258,Chemicals,SUP-0177,SUP-0199,0,1469.79,166.6,7,2165,6,C,10
SKU-00259,Raw Materials Component 259,Raw Materials,SUP-0088,NONE,1,711.94,55.5,13,1110,7,A,500
SKU-00260,Mechanical Components Component 260,Mechanical Components,SUP-0034,NONE,1,578.2,5.7,11,142,14,C,50
SKU-00261,Automotive Parts Component 261,Automotive Parts,SUP-0155,SUP-0148,0,14872.63,68.0,7,1360,13,B,25
SKU-00262,Mechanical Components Component 262,Mechanical Components,SUP-0110,SUP-0043,0,2424.23,85.2,14,2300,13,B,25
SKU-00263,Mechanical Components Component 263,Mechanical Components,SUP-0139,SUP-0189,0,4902.95,55.2,12,1380,13,C,10
SKU-00264,Electrical Component 264,Electrical,SUP-0103,SUP-0005,0,4903.29,84.0,21,2352,7,C,10
SKU-00265,Packaging Component 265,Packaging,SUP-0190,SUP-0127,0,45.94,19.1,12,401,9,A,10
SKU-00266,Packaging Component 266,Packaging,SUP-0152,NONE,1,1.07,2.2,22,70,10,B,500
SKU-00267,Mechanical Components Component 267,Mechanical Components,SUP-0010,SUP-0121,0,1286.73,21.4,17,663,14,A,25
SKU-00268,Electrical Component 268,Electrical,SUP-0142,NONE,1,1618.81,189.8,24,7022,13,A,25
SKU-00269,Automotive Parts Component 269,Automotive Parts,SUP-0139,SUP-0159,0,775.92,883.9,10,22097,15,B,100
SKU-00270,Automotive Parts Component 270,Automotive Parts,SUP-0017,NONE,1,17232.0,7.2,20,237,13,B,25
SKU-00271,Chemicals Component 271,Chemicals,SUP-0037,NONE,1,286.49,83.6,32,3761,13,C,100
SKU-00272,Electrical Component 272,Electrical,SUP-0032,SUP-0077,0,7937.34,76.9,11,1614,10,C,100
SKU-00273,Packaging Component 273,Packaging,SUP-0047,SUP-0077,0,11.6,39.8,5,716,13,C,10
SKU-00274,Chemicals Component 274,Chemicals,SUP-0197,SUP-0173,0,1055.59,224.3,10,4486,10,C,100
SKU-00275,Raw Materials Component 275,Raw Materials,SUP-0067,NONE,1,123.51,51.0,28,2091,13,B,50
SKU-00276,Packaging Component 276,Packaging,SUP-0097,SUP-0080,0,3.89,36.7,46,2091,11,B,50
SKU-00277,Mechanical Components Component 277,Mechanical Components,SUP-0019,SUP-0033,0,2515.26,45.0,12,945,9,B,250
SKU-00278,Consumables Component 278,Consumables,SUP-0142,SUP-0063,0,73.48,1048.9,25,39858,13,B,50
SKU-00279,Mechanical Components Component 279,Mechanical Components,SUP-0035,SUP-0090,0,4407.75,73.5,25,2205,5,B,500
SKU-00280,Chemicals Component 280,Chemicals,SUP-0123,SUP-0022,0,1224.79,148.8,12,2827,7,B,250
SKU-00281,Safety Equipment Component 281,Safety Equipment,SUP-0167,SUP-0125,0,4894.71,191.3,24,5930,7,C,25
SKU-00282,Mechanical Components Component 282,Mechanical Components,SUP-0193,SUP-0112,0,127.58,28.7,10,631,12,A,250
SKU-00283,Safety Equipment Component 283,Safety Equipment,SUP-0125,SUP-0195,0,3871.09,6.2,13,130,8,C,250
SKU-00284,Mechanical Components Component 284,Mechanical Components,SUP-0161,NONE,1,1309.19,75.7,36,3482,10,C,25
SKU-00285,Packaging Component 285,Packaging,SUP-0020,SUP-0001,0,16.87,14.2,31,582,10,B,250
SKU-00286,Electronics Component 286,Electronics,SUP-0060,NONE,1,37167.44,163.3,16,4409,11,A,500
SKU-00287,Packaging Component 287,Packaging,SUP-0023,SUP-0120,0,86.73,14.1,20,423,10,A,10
SKU-00288,Consumables Component 288,Consumables,SUP-0149,SUP-0177,0,84.55,14.5,17,377,9,A,50
SKU-00289,Safety Equipment Component 289,Safety Equipment,SUP-0030,NONE,1,3219.71,2.7,9,37,5,C,10
SKU-00290,Electronics Component 290,Electronics,SUP-0196,SUP-0060,0,9339.55,32.9,16,888,11,B,100
SKU-00291,Chemicals Component 291,Chemicals,SUP-0010,SUP-0094,0,877.5,13.9,14,389,14,C,250
SKU-00292,Packaging Component 292,Packaging,SUP-0108,SUP-0187,0,6.62,99.3,6,2085,15,C,500
SKU-00293,Electronics Component 293,Electronics,SUP-0183,SUP-0077,0,43722.26,17.7,7,389,15,C,25
SKU-00294,Raw Materials Component 294,Raw Materials,SUP-0171,SUP-0001,0,365.49,13.6,37,666,12,B,250
SKU-00295,Chemicals Component 295,Chemicals,SUP-0013,NONE,1,1516.24,25.4,14,711,14,C,250
SKU-00296,Raw Materials Component 296,Raw Materials,SUP-0124,SUP-0137,0,985.42,132.5,13,3577,14,C,250
SKU-00297,Electrical Component 297,Electrical,SUP-0002,SUP-0123,0,391.39,38.4,9,537,5,C,25
SKU-00298,Packaging Component 298,Packaging,SUP-0011,SUP-0118,0,90.5,35.1,22,1053,8,B,10
SKU-00299,Packaging Component 299,Packaging,SUP-0022,SUP-0146,0,26.99,18.6,24,706,14,A,500
SKU-00300,Electronics Component 300,Electronics,SUP-0170,SUP-0035,0,15080.45,14.8,17,458,14,C,100
SKU-00301,Electrical Component 301,Electrical,SUP-0003,SUP-0051,0,7093.41,6.9,28,296,15,B,500
SKU-00302,Mechanical Components Component 302,Mechanical Components,SUP-0125,NONE,1,1519.61,34.8,10,661,9,C,25
SKU-00303,Chemicals Component 303,Chemicals,SUP-0190,SUP-0104,0,1106.78,9.3,14,204,8,C,100
SKU-00304,Chemicals Component 304,Chemicals,SUP-0125,SUP-0136,0,1114.04,190.6,13,3812,7,A,25
SKU-00305,Mechanical Components Component 305,Mechanical Components,SUP-0155,SUP-0037,0,3353.02,6.0,8,114,11,B,250
SKU-00306,Automotive Parts Component 306,Automotive Parts,SUP-0123,SUP-0030,0,7555.55,14.6,10,350,14,B,25
SKU-00307,Electronics Component 307,Electronics,SUP-0022,SUP-0064,0,30516.36,16.5,21,544,12,B,10
SKU-00308,Mechanical Components Component 308,Mechanical Components,SUP-0194,NONE,1,694.06,11.7,12,257,10,B,25
SKU-00309,Packaging Component 309,Packaging,SUP-0012,SUP-0065,0,77.64,15.2,14,395,12,A,250
SKU-00310,Raw Materials Component 310,Raw Materials,SUP-0054,NONE,1,803.88,372.8,18,9320,7,A,500
SKU-00311,Chemicals Component 311,Chemicals,SUP-0111,SUP-0043,0,1446.92,26.0,19,650,6,A,50
SKU-00312,Electronics Component 312,Electronics,SUP-0107,SUP-0164,0,40426.8,7.9,10,126,6,C,50
SKU-00313,Raw Materials Component 313,Raw Materials,SUP-0001,NONE,1,966.27,122.1,38,5982,11,A,100
SKU-00314,Automotive Parts Component 314,Automotive Parts,SUP-0100,SUP-0017,0,9170.41,12.3,36,553,9,B,10
SKU-00315,Mechanical Components Component 315,Mechanical Components,SUP-0103,SUP-0015,0,874.79,110.8,19,3213,10,B,100
SKU-00316,Raw Materials Component 316,Raw Materials,SUP-0076,NONE,1,613.37,9.2,12,239,14,A,250
SKU-00317,Chemicals Component 317,Chemicals,SUP-0159,SUP-0144,0,218.22,15.4,9,338,13,A,100
SKU-00318,Packaging Component 318,Packaging,SUP-0130,SUP-0159,0,64.7,8.5,21,229,6,B,10
SKU-00319,Raw Materials Component 319,Raw Materials,SUP-0048,NONE,1,975.88,33.5,23,1038,8,C,25
SKU-00320,Electronics Component 320,Electronics,SUP-0046,SUP-0024,0,47444.05,30.7,8,429,6,A,500
SKU-00321,Packaging Component 321,Packaging,SUP-0100,NONE,1,38.04,50.6,34,2327,12,B,500
SKU-00322,Consumables Component 322,Consumables,SUP-0027,NONE,1,454.31,47.4,19,1564,14,B,10
SKU-00323,Mechanical Components Component 323,Mechanical Components,SUP-0065,SUP-0135,0,2514.16,20.2,18,545,9,C,10
SKU-00324,Safety Equipment Component 324,Safety Equipment,SUP-0159,SUP-0028,0,3241.37,160.8,7,2412,8,C,500
SKU-00325,Safety Equipment Component 325,Safety Equipment,SUP-0056,NONE,1,4384.84,19.8,23,732,14,B,10
SKU-00326,Electronics Component 326,Electronics,SUP-0059,SUP-0153,0,12331.46,41.3,11,743,7,C,25
SKU-00327,Mechanical Components Component 327,Mechanical Components,SUP-0110,SUP-0055,0,4405.85,13.2,11,264,9,C,500
SKU-00328,Safety Equipment Component 328,Safety Equipment,SUP-0104,SUP-0155,0,2696.91,32.2,8,483,7,C,500
SKU-00329,Automotive Parts Component 329,Automotive Parts,SUP-0096,SUP-0043,0,7150.81,4.1,10,86,11,C,500
SKU-00330,Mechanical Components Component 330,Mechanical Components,SUP-0170,SUP-0143,0,4097.82,28.8,13,720,12,B,500
SKU-00331,Automotive Parts Component 331,Automotive Parts,SUP-0192,SUP-0075,0,16096.86,9.3,33,409,11,A,500
SKU-00332,Mechanical Components Component 332,Mechanical Components,SUP-0158,SUP-0153,0,617.55,12.2,17,390,15,B,500
SKU-00333,Packaging Component 333,Packaging,SUP-0078,SUP-0003,0,30.55,140.2,39,7290,13,C,10
SKU-00334,Packaging Component 334,Packaging,SUP-0180,NONE,1,5.41,61.8,31,2719,13,A,100
SKU-00335,Electronics Component 335,Electronics,SUP-0009,SUP-0199,0,27928.78,44.8,29,1657,8,C,50
SKU-00336,Mechanical Components Component 336,Mechanical Components,SUP-0060,NONE,1,722.18,47.7,15,1383,14,C,250
SKU-00337,Mechanical Components Component 337,Mechanical Components,SUP-0065,SUP-0035,0,537.57,10.6,19,254,5,B,50
SKU-00338,Raw Materials Component 338,Raw Materials,SUP-0042,NONE,1,804.83,14.7,18,485,15,C,25
SKU-00339,Chemicals Component 339,Chemicals,SUP-0161,NONE,1,1599.78,52.7,41,2582,8,B,10
SKU-00340,Electronics Component 340,Electronics,SUP-0122,SUP-0119,0,45896.9,63.6,24,1908,6,B,25
SKU-00341,Automotive Parts Component 341,Automotive Parts,SUP-0114,NONE,1,11306.88,197.8,10,4747,14,C,100
SKU-00342,Chemicals Component 342,Chemicals,SUP-0083,NONE,1,190.2,35.1,14,877,11,A,250
SKU-00343,Safety Equipment Component 343,Safety Equipment,SUP-0038,NONE,1,4684.83,460.6,6,6909,9,B,250
SKU-00344,Mechanical Components Component 344,Mechanical Components,SUP-0065,SUP-0046,0,3238.55,27.3,16,655,8,A,100
SKU-00345,Electronics Component 345,Electronics,SUP-0161,NONE,1,8817.14,34.6,36,1660,12,C,10
SKU-00346,Automotive Parts Component 346,Automotive Parts,SUP-0127,SUP-0187,0,8878.75,72.3,4,867,8,C,10
SKU-00347,Electronics Component 347,Electronics,SUP-0168,NONE,1,25159.97,53.4,12,1388,14,C,250
SKU-00348,Mechanical Components Component 348,Mechanical Components,SUP-0165,SUP-0075,0,1550.97,7.7,9,177,14,B,10
SKU-00349,Automotive Parts Component 349,Automotive Parts,SUP-0118,SUP-0032,0,8590.37,197.0,7,3152,9,A,10
SKU-00350,Chemicals Component 350,Chemicals,SUP-0200,SUP-0075,0,368.51,333.9,20,9015,7,B,250
SKU-00351,Automotive Parts Component 351,Automotive Parts,SUP-0021,SUP-0073,0,12516.96,290.1,10,6672,13,C,50
SKU-00352,Chemicals Component 352,Chemicals,SUP-0027,SUP-0043,0,1728.83,6.4,16,160,9,A,100
SKU-00353,Chemicals Component 353,Chemicals,SUP-0141,NONE,1,409.82,77.2,11,1930,14,A,50
SKU-00354,Electronics Component 354,Electronics,SUP-0058,SUP-0023,0,29791.91,70.7,29,2474,6,C,250
SKU-00355,Electrical Component 355,Electrical,SUP-0058,SUP-0199,0,9578.7,22.1,41,1038,6,C,500
SKU-00356,Mechanical Components Component 356,Mechanical Components,SUP-0144,SUP-0182,0,1698.06,73.7,25,2653,11,B,500
SKU-00357,Chemicals Component 357,Chemicals,SUP-0087,NONE,1,107.82,35.8,16,966,11,B,25
SKU-00358,Raw Materials Component 358,Raw Materials,SUP-0010,SUP-0159,0,205.86,11.8,17,283,7,B,10
SKU-00359,Raw Materials Component 359,Raw Materials,SUP-0041,NONE,1,140.61,219.8,9,4176,10,C,25
SKU-00360,Consumables Component 360,Consumables,SUP-0183,SUP-0161,0,113.63,11.9,6,142,6,A,250
SKU-00361,Consumables Component 361,Consumables,SUP-0137,NONE,1,36.57,622.2,26,19910,6,C,500
SKU-00362,Consumables Component 362,Consumables,SUP-0105,SUP-0102,0,394.5,11.5,24,425,13,B,10
SKU-00363,Electronics Component 363,Electronics,SUP-0037,SUP-0126,0,19695.09,11.1,26,455,15,B,25
SKU-00364,Raw Materials Component 364,Raw Materials,SUP-0082,SUP-0039,0,130.08,56.2,12,955,5,A,25
SKU-00365,Automotive Parts Component 365,Automotive Parts,SUP-0155,NONE,1,13277.56,94.9,7,1328,7,C,100
SKU-00366,Packaging Component 366,Packaging,SUP-0187,SUP-0053,0,76.35,2.4,18,72,12,B,10
SKU-00367,Safety Equipment Component 367,Safety Equipment,SUP-0178,NONE,1,1761.04,133.7,11,2406,7,B,50
SKU-00368,Chemicals Component 368,Chemicals,SUP-0127,NONE,1,1196.44,22.6,5,248,6,B,50
SKU-00369,Safety Equipment Component 369,Safety Equipment,SUP-0185,NONE,1,122.77,32.1,20,930,9,A,25
SKU-00370,Electrical Component 370,Electrical,SUP-0074,NONE,1,7791.62,45.0,25,1755,14,C,250
SKU-00371,Raw Materials Component 371,Raw Materials,SUP-0063,SUP-0019,0,339.03,11.3,6,214,13,C,50
SKU-00372,Mechanical Components Component 372,Mechanical Components,SUP-0042,SUP-0005,0,1092.24,137.8,16,3996,13,A,50
SKU-00373,Raw Materials Component 373,Raw Materials,SUP-0001,SUP-0055,0,523.94,95.9,48,5274,7,A,250
SKU-00374,Mechanical Components Component 374,Mechanical Components,SUP-0185,SUP-0155,0,4659.19,7.9,21,237,9,C,50
SKU-00375,Electrical Component 375,Electrical,SUP-0084,NONE,1,3922.18,48.9,20,1613,13,B,25
SKU-00376,Raw Materials Component 376,Raw Materials,SUP-0045,NONE,1,594.3,22.6,21,768,13,A,100
SKU-00377,Packaging Component 377,Packaging,SUP-0102,SUP-0191,0,43.17,571.0,9,13133,14,B,10
SKU-00378,Chemicals Component 378,Chemicals,SUP-0045,SUP-0012,0,1238.67,49.0,16,1421,13,C,10
SKU-00379,Packaging Component 379,Packaging,SUP-0003,NONE,1,61.28,39.2,29,1450,8,B,500
SKU-00380,Electronics Component 380,Electronics,SUP-0161,SUP-0028,0,11651.83,17.6,42,968,13,B,250
SKU-00381,Consumables Component 381,Consumables,SUP-0185,NONE,1,164.31,19.0,18,589,13,B,250
SKU-00382,Consumables Component 382,Consumables,SUP-0178,SUP-0188,0,309.97,21.5,14,516,10,A,250
SKU-00383,Raw Materials Component 383,Raw Materials,SUP-0184,SUP-0146,0,925.38,464.3,7,7428,9,A,100
SKU-00384,Electronics Component 384,Electronics,SUP-0119,SUP-0011,0,21198.37,14.0,12,280,8,B,100
SKU-00385,Electronics Component 385,Electronics,SUP-0060,SUP-0164,0,26389.28,1.3,14,32,11,A,250
SKU-00386,Packaging Component 386,Packaging,SUP-0067,SUP-0132,0,26.8,29.0,27,928,5,C,500
SKU-00387,Raw Materials Component 387,Raw Materials,SUP-0032,NONE,1,78.52,58.2,13,1222,8,B,500
SKU-00388,Automotive Parts Component 388,Automotive Parts,SUP-0049,SUP-0002,0,5415.08,11.2,9,268,15,C,10
SKU-00389,Mechanical Components Component 389,Mechanical Components,SUP-0156,SUP-0050,0,1064.39,20.8,19,644,12,B,500
SKU-00390,Electronics Component 390,Electronics,SUP-0044,SUP-0120,0,46194.81,39.2,23,1411,13,A,50
SKU-00391,Mechanical Components Component 391,Mechanical Components,SUP-0123,SUP-0033,0,3201.08,369.6,10,7022,9,B,500
SKU-00392,Packaging Component 392,Packaging,SUP-0132,SUP-0033,0,99.27,79.3,11,1506,8,C,10
SKU-00393,Consumables Component 393,Consumables,SUP-0136,SUP-0054,0,464.54,27.5,8,522,11,A,25
SKU-00394,Chemicals Component 394,Chemicals,SUP-0109,NONE,1,611.57,34.1,34,1364,6,A,50
SKU-00395,Electronics Component 395,Electronics,SUP-0042,NONE,1,43495.15,26.0,19,806,12,A,10
SKU-00396,Electronics Component 396,Electronics,SUP-0061,SUP-0123,0,22364.78,41.1,39,1931,8,C,50
SKU-00397,Electrical Component 397,Electrical,SUP-0094,NONE,1,5524.63,103.4,19,3205,12,C,250
SKU-00398,Mechanical Components Component 398,Mechanical Components,SUP-0042,SUP-0050,0,3589.59,59.6,17,1728,12,C,25
SKU-00399,Consumables Component 399,Consumables,SUP-0197,SUP-0030,0,286.37,121.4,9,2306,10,C,10
SKU-00400,Electrical Component 400,Electrical,SUP-0067,NONE,1,4350.94,26.0,22,728,6,C,25
SKU-00401,Mechanical Components Component 401,Mechanical Components,SUP-0125,SUP-0177,0,107.48,42.3,13,846,7,A,25
SKU-00402,Raw Materials Component 402,Raw Materials,SUP-0055,NONE,1,821.0,38.1,24,1333,11,C,25
SKU-00403,Raw Materials Component 403,Raw Materials,SUP-0170,NONE,1,315.74,51.6,15,1393,12,C,100
SKU-00404,Mechanical Components Component 404,Mechanical Components,SUP-0007,SUP-0079,0,2310.95,9.9,10,188,9,C,50
SKU-00405,Packaging Component 405,Packaging,SUP-0071,SUP-0017,0,13.01,43.4,6,520,6,C,10
SKU-00406,Chemicals Component 406,Chemicals,SUP-0085,SUP-0142,0,767.09,24.6,13,565,10,C,100
SKU-00407,Chemicals Component 407,Chemicals,SUP-0107,SUP-0008,0,1387.46,3.6,11,82,12,C,250
SKU-00408,Packaging Component 408,Packaging,SUP-0076,SUP-0193,0,41.07,12.0,10,240,10,C,10
SKU-00409,Mechanical Components Component 409,Mechanical Components,SUP-0156,NONE,1,135.06,26.5,20,874,13,B,250
SKU-00410,Safety Equipment Component 410,Safety Equipment,SUP-0175,SUP-0087,0,320.85,17.1,24,564,9,B,10
SKU-00411,Chemicals Component 411,Chemicals,SUP-0023,SUP-0051,0,1187.51,39.5,19,987,6,C,25
SKU-00412,Electronics Component 412,Electronics,SUP-0195,NONE,1,5130.21,16.9,15,405,9,B,100
SKU-00413,Electronics Component 413,Electronics,SUP-0098,SUP-0139,0,42226.06,5.6,36,240,7,C,50
SKU-00414,Packaging Component 414,Packaging,SUP-0144,SUP-0082,0,63.43,14.6,27,496,7,C,500
SKU-00415,Consumables Component 415,Consumables,SUP-0034,SUP-0040,0,435.65,11.3,15,259,8,A,10
SKU-00416,Electronics Component 416,Electronics,SUP-0114,NONE,1,5958.89,15.9,8,254,8,A,500
SKU-00417,Consumables Component 417,Consumables,SUP-0023,NONE,1,189.31,10.3,18,267,8,B,10
SKU-00418,Safety Equipment Component 418,Safety Equipment,SUP-0094,NONE,1,4724.27,11.3,17,327,12,C,250
SKU-00419,Electrical Component 419,Electrical,SUP-0041,SUP-0116,0,7329.94,34.7,11,694,9,B,25
SKU-00420,Raw Materials Component 420,Raw Materials,SUP-0033,SUP-0085,0,748.48,102.4,24,3584,11,C,10
SKU-00421,Consumables Component 421,Consumables,SUP-0085,SUP-0077,0,370.48,185.4,16,4635,9,C,500
SKU-00422,Raw Materials Component 422,Raw Materials,SUP-0199,SUP-0002,0,32.43,12.1,9,217,9,C,500
SKU-00423,Mechanical Components Component 423,Mechanical Components,SUP-0064,SUP-0072,0,1417.56,202.2,31,9099,14,A,100
SKU-00424,Chemicals Component 424,Chemicals,SUP-0045,SUP-0048,0,1674.28,138.2,21,3731,6,C,250
SKU-00425,Electrical Component 425,Electrical,SUP-0028,SUP-0055,0,4303.44,6.8,24,251,13,C,50
SKU-00426,Raw Materials Component 426,Raw Materials,SUP-0101,SUP-0146,0,60.13,13.2,16,277,5,B,50
SKU-00427,Electrical Component 427,Electrical,SUP-0065,SUP-0029,0,8159.92,8.7,14,243,14,A,10
SKU-00428,Raw Materials Component 428,Raw Materials,SUP-0094,SUP-0168,0,864.43,86.8,23,3298,15,C,250
SKU-00429,Packaging Component 429,Packaging,SUP-0191,SUP-0009,0,67.4,36.7,12,954,14,B,100
SKU-00430,Mechanical Components Component 430,Mechanical Components,SUP-0100,SUP-0048,0,2636.59,5.5,29,198,7,A,500
SKU-00431,Consumables Component 431,Consumables,SUP-0160,SUP-0180,0,442.41,118.5,12,2607,10,C,50
SKU-00432,Mechanical Components Component 432,Mechanical Components,SUP-0062,NONE,1,2772.13,56.5,14,1130,6,C,250
SKU-00433,Packaging Component 433,Packaging,SUP-0127,SUP-0172,0,68.87,51.3,4,718,10,C,250
SKU-00434,Raw Materials Component 434,Raw Materials,SUP-0148,SUP-0069,0,565.53,8.3,12,157,7,C,250
SKU-00435,Packaging Component 435,Packaging,SUP-0035,SUP-0081,0,12.08,9.3,32,409,12,B,50
SKU-00436,Electrical Component 436,Electrical,SUP-0036,NONE,1,6437.83,36.0,10,684,9,A,250
SKU-00437,Mechanical Components Component 437,Mechanical Components,SUP-0004,NONE,1,1121.65,150.7,19,4671,12,C,100
SKU-00438,Packaging Component 438,Packaging,SUP-0085,SUP-0030,0,91.36,67.6,16,1960,13,C,10
SKU-00439,Consumables Component 439,Consumables,SUP-0169,SUP-0197,0,220.06,4.0,38,208,14,A,250
SKU-00440,Electronics Component 440,Electronics,SUP-0197,NONE,1,38468.82,23.7,11,545,12,A,25
SKU-00441,Raw Materials Component 441,Raw Materials,SUP-0192,NONE,1,841.3,93.9,33,3849,8,B,100
SKU-00442,Packaging Component 442,Packaging,SUP-0020,SUP-0192,0,90.43,10.4,35,426,6,B,10
SKU-00443,Electronics Component 443,Electronics,SUP-0168,SUP-0161,0,33800.25,127.0,13,3302,13,C,500
SKU-00444,Mechanical Components Component 444,Mechanical Components,SUP-0176,SUP-0004,0,2766.59,20.4,16,428,5,C,100
SKU-00445,Electronics Component 445,Electronics,SUP-0051,NONE,1,31976.52,59.6,10,1251,11,C,250
SKU-00446,Raw Materials Component 446,Raw Materials,SUP-0053,SUP-0072,0,120.94,33.0,32,1452,12,C,50
SKU-00447,Automotive Parts Component 447,Automotive Parts,SUP-0027,NONE,1,13074.69,78.0,20,2184,8,B,250
SKU-00448,Chemicals Component 448,Chemicals,SUP-0098,NONE,1,262.29,24.2,28,919,10,B,250
SKU-00449,Mechanical Components Component 449,Mechanical Components,SUP-0160,SUP-0042,0,4570.84,32.6,14,717,8,C,10
SKU-00450,Electronics Component 450,Electronics,SUP-0008,SUP-0126,0,8786.97,8.2,7,106,6,C,250
SKU-00451,Electronics Component 451,Electronics,SUP-0008,NONE,1,28530.01,346.5,8,4504,5,B,25
SKU-00452,Mechanical Components Component 452,Mechanical Components,SUP-0034,NONE,1,2551.98,84.2,14,2441,15,B,25
SKU-00453,Automotive Parts Component 453,Automotive Parts,SUP-0053,SUP-0083,0,15647.74,265.0,28,10600,12,A,100
SKU-00454,Safety Equipment Component 454,Safety Equipment,SUP-0160,SUP-0195,0,2386.27,48.8,13,1366,15,C,500
SKU-00455,Electronics Component 455,Electronics,SUP-0011,SUP-0163,0,5223.82,48.4,25,1742,11,C,250
SKU-00456,Packaging Component 456,Packaging,SUP-0151,SUP-0076,0,59.33,58.6,20,1582,7,B,500
SKU-00457,Chemicals Component 457,Chemicals,SUP-0167,SUP-0009,0,1960.1,13.2,26,541,15,C,50
SKU-00458,Raw Materials Component 458,Raw Materials,SUP-0197,NONE,1,548.62,34.5,11,759,11,B,500
SKU-00459,Electronics Component 459,Electronics,SUP-0184,SUP-0011,0,12476.52,30.4,6,638,15,C,500
SKU-00460,Mechanical Components Component 460,Mechanical Components,SUP-0073,SUP-0129,0,1029.55,2.3,19,71,12,C,500
SKU-00461,Safety Equipment Component 461,Safety Equipment,SUP-0102,SUP-0117,0,986.83,31.6,8,442,6,C,100
SKU-00462,Mechanical Components Component 462,Mechanical Components,SUP-0185,SUP-0086,0,3703.78,25.4,21,838,12,C,500
SKU-00463,Packaging Component 463,Packaging,SUP-0059,NONE,1,7.64,504.7,10,10598,11,A,50
SKU-00464,Safety Equipment Component 464,Safety Equipment,SUP-0147,SUP-0006,0,3195.01,15.8,22,568,14,A,250
SKU-00465,Mechanical Components Component 465,Mechanical Components,SUP-0146,SUP-0165,0,2121.58,111.0,18,2775,7,B,250
SKU-00466,Electronics Component 466,Electronics,SUP-0071,NONE,1,20178.39,77.1,6,1310,11,A,25
SKU-00467,Safety Equipment Component 467,Safety Equipment,SUP-0108,SUP-0166,0,2573.92,64.3,6,1350,15,C,100
SKU-00468,Automotive Parts Component 468,Automotive Parts,SUP-0178,SUP-0150,0,14648.36,25.5,13,586,10,C,10
SKU-00469,Mechanical Components Component 469,Mechanical Components,SUP-0153,SUP-0042,0,3256.28,29.0,6,522,12,A,50
SKU-00470,Safety Equipment Component 470,Safety Equipment,SUP-0004,SUP-0013,0,3717.71,15.0,17,465,14,B,100
SKU-00471,Electrical Component 471,Electrical,SUP-0182,SUP-0011,0,7242.88,17.2,11,309,7,C,25
SKU-00472,Mechanical Components Component 472,Mechanical Components,SUP-0095,SUP-0136,0,1059.34,7.6,10,114,5,A,10
SKU-00473,Raw Materials Component 473,Raw Materials,SUP-0045,SUP-0017,0,825.52,16.8,20,436,6,C,25
SKU-00474,Electronics Component 474,Electronics,SUP-0050,SUP-0002,0,728.05,620.9,46,34149,9,C,250
SKU-00475,Electronics Component 475,Electronics,SUP-0126,SUP-0131,0,12839.92,72.0,22,2160,8,B,500
SKU-00476,Mechanical Components Component 476,Mechanical Components,SUP-0065,SUP-0082,0,526.43,13.7,19,356,7,A,50
SKU-00477,Electrical Component 477,Electrical,SUP-0126,SUP-0197,0,9722.57,1001.3,20,31040,11,B,10
SKU-00478,Raw Materials Component 478,Raw Materials,SUP-0193,SUP-0117,0,115.94,11.7,11,234,9,C,25
SKU-00479,Packaging Component 479,Packaging,SUP-0150,NONE,1,93.55,13.6,22,462,12,C,10
SKU-00480,Electrical Component 480,Electrical,SUP-0111,SUP-0084,0,9811.78,16.7,18,551,15,C,50
SKU-00481,Chemicals Component 481,Chemicals,SUP-0115,SUP-0147,0,138.93,15.3,13,351,10,B,250
SKU-00482,Mechanical Components Component 482,Mechanical Components,SUP-0075,SUP-0153,0,3614.92,5.2,26,192,11,A,500
SKU-00483,Consumables Component 483,Consumables,SUP-0118,NONE,1,295.81,14.9,9,298,11,C,250
SKU-00484,Electronics Component 484,Electronics,SUP-0145,NONE,1,42663.22,113.6,6,2044,12,A,100
SKU-00485,Electronics Component 485,Electronics,SUP-0025,NONE,1,5840.98,6.5,12,123,7,C,500
SKU-00486,Electronics Component 486,Electronics,SUP-0031,SUP-0051,0,6292.82,11.8,19,389,14,B,100
SKU-00487,Mechanical Components Component 487,Mechanical Components,SUP-0041,SUP-0072,0,2506.37,25.9,11,543,10,B,10
SKU-00488,Electrical Component 488,Electrical,SUP-0192,SUP-0133,0,1814.31,172.2,26,6371,11,B,25
SKU-00489,Raw Materials Component 489,Raw Materials,SUP-0197,SUP-0043,0,954.44,12.4,9,297,15,C,50
SKU-00490,Mechanical Components Component 490,Mechanical Components,SUP-0071,NONE,1,4011.36,79.7,7,1354,10,A,500
SKU-00491,Electronics Component 491,Electronics,SUP-0134,SUP-0163,0,16425.09,5.7,37,290,14,B,10
SKU-00492,Electronics Component 492,Electronics,SUP-0092,SUP-0021,0,49186.55,17.6,16,545,15,C,50
SKU-00493,Raw Materials Component 493,Raw Materials,SUP-0015,NONE,1,556.12,102.4,27,3788,10,C,50
SKU-00494,Electronics Component 494,Electronics,SUP-0199,SUP-0015,0,26058.85,67.5,8,945,6,A,25
SKU-00495,Raw Materials Component 495,Raw Materials,SUP-0155,SUP-0133,0,638.36,427.7,7,7698,11,C,100
SKU-00496,Automotive Parts Component 496,Automotive Parts,SUP-0022,SUP-0073,0,17568.72,192.6,22,5970,9,B,100
SKU-00497,Automotive Parts Component 497,Automotive Parts,SUP-0187,SUP-0005,0,7369.57,20.5,13,492,11,C,50
SKU-00498,Automotive Parts Component 498,Automotive Parts,SUP-0200,SUP-0185,0,11246.12,105.7,22,3065,7,C,250
SKU-00499,Packaging Component 499,Packaging,SUP-0197,NONE,1,88.81,11.2,11,257,12,C,25
SKU-00500,Electrical Component 500,Electrical,SUP-0068,SUP-0153,0,2126.65,30.2,10,573,9,B,500
